{"stats":{"minecraft:custom":{"minecraft:jump":8,"minecraft:time_since_rest":1116,"minecraft:leave_game":1,"minecraft:crouch_one_cm":359,"minecraft:sprint_one_cm":1816,"minecraft:play_time":1116,"minecraft:time_since_death":1116,"minecraft:walk_one_cm":9861,"minecraft:sneak_time":52,"minecraft:total_world_time":1116,"minecraft:fly_one_cm":1931},"minecraft:used":{"soulslikeuniverse:dagger":5},"minecraft:mined":{"minecraft:grass":5,"minecraft:grass_block":8,"minecraft:oak_log":2},"minecraft:picked_up":{"swem:alfalfa_seeds":1,"minecraft:oak_log":1,"minecraft:dirt":6}},"DataVersion":3465}