{"stats":{"minecraft:custom":{"minecraft:jump":7,"minecraft:time_since_rest":2811,"minecraft:leave_game":1,"minecraft:crouch_one_cm":9,"minecraft:sprint_one_cm":1373,"minecraft:play_time":2811,"minecraft:damage_taken":60,"minecraft:time_since_death":2811,"minecraft:walk_one_cm":9908,"minecraft:sneak_time":72,"minecraft:total_world_time":2811,"minecraft:fall_one_cm":858,"minecraft:fly_one_cm":1813},"minecraft:mined":{"minecraft:birch_log":18,"minecraft:grass":1,"minecraft:grass_block":7},"minecraft:picked_up":{"swem:alfalfa_seeds":2,"minecraft:wheat_seeds":1,"minecraft:dirt":7,"minecraft:birch_log":1}},"DataVersion":3465}