{"stats":{"minecraft:custom":{"minecraft:jump":2,"minecraft:time_since_rest":2069,"minecraft:crouch_one_cm":45,"minecraft:leave_game":1,"minecraft:play_time":2069,"minecraft:walk_on_water_one_cm":751,"minecraft:time_since_death":2069,"minecraft:walk_one_cm":1487,"minecraft:sneak_time":22,"minecraft:total_world_time":2069,"minecraft:walk_under_water_one_cm":868,"minecraft:swim_one_cm":862},"minecraft:picked_up":{"minecraft:jungle_wood":2,"minecraft:dirt":3},"minecraft:used":{"minecraft:jungle_planks":8},"minecraft:crafted":{"minecraft:jungle_planks":8},"minecraft:mined":{"minecraft:jungle_wood":2,"minecraft:dirt":3,"minecraft:fern":1}},"DataVersion":3465}