{"stats":{"minecraft:used":{"regions_unexplored:pine_log":4,"minecraft:dirt":1,"minecraft:coarse_dirt":3},"minecraft:picked_up":{"minecraft:coarse_dirt":3,"regions_unexplored:pine_log":4,"minecraft:dirt":3},"minecraft:custom":{"minecraft:jump":10,"minecraft:time_since_rest":1900,"minecraft:crouch_one_cm":42,"minecraft:sprint_one_cm":124,"minecraft:leave_game":2,"minecraft:play_time":1900,"minecraft:time_since_death":1900,"minecraft:walk_one_cm":3338,"minecraft:sneak_time":109,"minecraft:total_world_time":2142,"minecraft:fly_one_cm":21779},"minecraft:mined":{"minecraft:grass_block":2,"minecraft:coarse_dirt":3,"minecraft:dirt":1,"minecraft:fern":1,"regions_unexplored:pine_log":4,"minecraft:large_fern":1}},"DataVersion":3465}