{"stats":{"minecraft:picked_up":{"minecraft:birch_log":1,"swem:timothy_seeds":1,"soulslikeuniverse:malikethsoul":1,"alexsmobs:bison_fur":2,"soulslikeuniverse:blackdagger":2,"tombstone:grave_dust":1,"minecraft:dirt":2,"minecraft:arrow":1,"minecraft:rotten_flesh":1,"minecraft:wheat_seeds":1,"soulslikeuniverse:hollowsoul":2,"minecraft:beef":15,"soulslikeuniverse:repairstone":1,"soulslikeuniverse:maliketh_boots":1,"soulslikeuniverse:morgottsoul":1,"soulslikeuniverse:knightsoul":1,"minecraft:coal":1},"minecraft:killed":{"soulslikeuniverse:bossmaliketh":2,"soulslikeuniverse:morgott":1,"minecraft:vindicator":1,"alexsmobs:bison":4,"soulslikeuniverse:monsterhollow":1,"soulslikeuniverse:berserker":1,"soulslikeuniverse:prisoncampknight":1,"minecraft:wither_skeleton":1,"soulslikeuniverse:beastclergyman":3},"minecraft:mined":{"minecraft:birch_log":1,"minecraft:grass_block":4},"minecraft:dropped":{"soulslikeuniverse:divineshield":1},"minecraft:used":{"wom:agony":5,"epicfight:skillbook":1,"wom:netherite_greataxe":198,"minecraft:netherite_sword":70,"minecraft:lava_bucket":1,"minecraft:netherite_axe":6,"wom:tormented_mind":81,"wom:netherite_staff":123,"minecraft:dirt":6,"alexsmobs:spawn_egg_bison":2,"soulslikeuniverse:divinesword":5,"soulslikeuniverse:dagger":4,"soulslikeuniverse:blackdagger":6,"minecraft:splash_potion":8,"soulslikeuniverse:beastclergyman_spawn_egg":1},"minecraft:custom":{"minecraft:time_since_rest":72041,"minecraft:damage_taken":50,"minecraft:sprint_one_cm":79921,"minecraft:walk_one_cm":178155,"minecraft:mob_kills":15,"minecraft:drop":1,"tombstone:raider_killed":1,"minecraft:damage_dealt":10359,"minecraft:damage_dealt_absorbed":563,"minecraft:fly_one_cm":1444016,"minecraft:open_chest":1,"minecraft:crouch_one_cm":297,"minecraft:play_time":72041,"tombstone:undead_killed":10,"minecraft:sneak_time":1950,"minecraft:jump":574,"minecraft:leave_game":6,"minecraft:time_since_death":72041,"minecraft:total_world_time":72114,"minecraft:fall_one_cm":1045}},"DataVersion":3465}