{"stats":{"minecraft:used":{"minecraft:netherite_sword":27,"epicfight:skillbook":2,"minecraft:netherite_boots":1,"minecraft:golden_apple":15,"minecraft:bow":3,"minecraft:netherite_leggings":1,"minecraft:netherite_chestplate":1,"minecraft:crossbow":1,"minecraft:netherite_helmet":1,"soulslikeuniverse:dagger":42},"minecraft:killed":{"soulslikeuniverse:thief":1,"minecraft:pillager":2},"minecraft:dropped":{"epicfight:skillbook":2},"minecraft:custom":{"minecraft:open_chest":1,"minecraft:time_since_rest":35384,"minecraft:crouch_one_cm":2368,"minecraft:damage_absorbed":342,"minecraft:sprint_one_cm":89802,"minecraft:play_time":35384,"minecraft:damage_taken":817,"minecraft:walk_one_cm":143678,"minecraft:sneak_time":1110,"minecraft:walk_under_water_one_cm":1606,"minecraft:mob_kills":3,"minecraft:drop":2,"minecraft:jump":183,"tombstone:raider_killed":2,"minecraft:damage_dealt":1934,"minecraft:leave_game":3,"minecraft:walk_on_water_one_cm":2410,"minecraft:time_since_death":35384,"minecraft:total_world_time":35612,"minecraft:damage_dealt_absorbed":1040,"minecraft:swim_one_cm":894,"minecraft:fall_one_cm":2281,"minecraft:fly_one_cm":404854},"minecraft:picked_up":{"minecraft:arrow":3,"minecraft:leather":1,"minecraft:apple":64,"soulslikeuniverse:estusflask":5,"soulslikeuniverse:presentchest":1,"minecraft:crossbow":1,"epicfight:skillbook":1,"soulslikeuniverse:dagger":1,"swem:oat_seeds":1,"minecraft:sugar_cane":3,"alexsmobs:animal_dictionary":1}},"DataVersion":3465}