{"stats":{"minecraft:used":{"minecraft:netherite_sword":1,"epicfight:skillbook":1,"minecraft:netherite_boots":1,"minecraft:golden_apple":12,"minecraft:netherite_leggings":1,"minecraft:netherite_chestplate":1,"minecraft:netherite_helmet":1,"soulslikeuniverse:dagger":42},"minecraft:killed":{"soulslikeuniverse:thief":1},"minecraft:dropped":{"epicfight:skillbook":2},"minecraft:custom":{"minecraft:time_since_rest":23384,"minecraft:crouch_one_cm":2368,"minecraft:damage_absorbed":276,"minecraft:sprint_one_cm":65581,"minecraft:play_time":23384,"minecraft:damage_taken":601,"minecraft:walk_one_cm":102842,"minecraft:sneak_time":826,"minecraft:walk_under_water_one_cm":1606,"minecraft:mob_kills":1,"minecraft:drop":2,"minecraft:jump":130,"minecraft:damage_dealt":1050,"minecraft:leave_game":3,"minecraft:walk_on_water_one_cm":2410,"minecraft:time_since_death":23384,"minecraft:total_world_time":23612,"minecraft:damage_dealt_absorbed":840,"minecraft:swim_one_cm":894,"minecraft:fall_one_cm":2012,"minecraft:fly_one_cm":166419},"minecraft:picked_up":{"minecraft:leather":1,"minecraft:apple":64,"soulslikeuniverse:estusflask":5,"soulslikeuniverse:presentchest":1,"epicfight:skillbook":1,"soulslikeuniverse:dagger":1,"minecraft:sugar_cane":3,"alexsmobs:animal_dictionary":1}},"DataVersion":3465}