{"stats":{"minecraft:mined":{"minecraft:grass":3,"minecraft:grass_block":4,"minecraft:oak_log":17,"minecraft:vine":1,"minecraft:moss_carpet":1},"minecraft:custom":{"minecraft:jump":2,"minecraft:time_since_rest":1689,"minecraft:sprint_one_cm":481,"minecraft:crouch_one_cm":1252,"minecraft:leave_game":2,"minecraft:play_time":1689,"minecraft:time_since_death":1689,"minecraft:walk_one_cm":4158,"minecraft:sneak_time":134,"minecraft:total_world_time":1689,"minecraft:fly_one_cm":405},"minecraft:picked_up":{"swem:alfalfa_seeds":1,"minecraft:oak_log":8,"minecraft:apple":1,"minecraft:oak_sapling":2,"minecraft:dirt":4,"minecraft:moss_carpet":1}},"DataVersion":3465}