{"stats":{"minecraft:used":{"soulslikeuniverse:dagger":3},"minecraft:picked_up":{"swem:alfalfa_seeds":2,"swem:oat_seeds":1,"minecraft:dirt":9},"minecraft:custom":{"minecraft:jump":14,"minecraft:time_since_rest":962,"minecraft:leave_game":1,"minecraft:damage_dealt":82,"minecraft:crouch_one_cm":46,"minecraft:sprint_one_cm":1067,"minecraft:play_time":962,"minecraft:time_since_death":962,"minecraft:walk_one_cm":5959,"minecraft:sneak_time":56,"minecraft:total_world_time":962,"minecraft:damage_dealt_absorbed":52,"minecraft:fly_one_cm":18735},"minecraft:mined":{"minecraft:grass":1,"minecraft:grass_block":9}},"DataVersion":3465}