{"stats":{"minecraft:used":{"minecraft:netherite_sword":27,"minecraft:netherite_boots":1,"epicfight:skillbook":2,"minecraft:bow":3,"minecraft:golden_apple":15,"minecraft:netherite_leggings":1,"minecraft:netherite_chestplate":1,"minecraft:crossbow":2,"minecraft:netherite_helmet":1,"soulslikeuniverse:dagger":42},"minecraft:killed":{"soulslikeuniverse:thief":1,"minecraft:pillager":2},"minecraft:dropped":{"epicfight:skillbook":2},"minecraft:custom":{"minecraft:open_chest":1,"minecraft:time_since_rest":61328,"minecraft:crouch_one_cm":2368,"minecraft:damage_taken":817,"minecraft:play_time":61328,"minecraft:sprint_one_cm":168442,"minecraft:damage_absorbed":342,"minecraft:walk_one_cm":324473,"minecraft:sneak_time":1435,"minecraft:mob_kills":3,"minecraft:walk_under_water_one_cm":1606,"minecraft:drop":2,"minecraft:jump":350,"tombstone:raider_killed":2,"minecraft:damage_dealt":1934,"minecraft:leave_game":6,"minecraft:time_since_death":61328,"minecraft:walk_on_water_one_cm":2841,"minecraft:total_world_time":61556,"minecraft:climb_one_cm":714,"minecraft:damage_dealt_absorbed":1040,"minecraft:swim_one_cm":894,"minecraft:fall_one_cm":2281,"minecraft:fly_one_cm":701471},"minecraft:picked_up":{"minecraft:arrow":3,"minecraft:apple":64,"soulslikeuniverse:estusflask":5,"minecraft:leather":1,"soulslikeuniverse:presentchest":1,"minecraft:crossbow":1,"epicfight:skillbook":1,"soulslikeuniverse:dagger":1,"swem:oat_seeds":1,"minecraft:sugar_cane":3,"alexsmobs:animal_dictionary":1}},"DataVersion":3465}