{"stats":{"minecraft:used":{"minecraft:spruce_boat":1,"minecraft:fishing_rod":11,"minecraft:red_bed":1,"minecraft:grass_block":3,"minecraft:pufferfish_spawn_egg":1,"soulslikeuniverse:dagger":8,"minecraft:coarse_dirt":1,"minecraft:pillager_spawn_egg":2},"minecraft:picked_up":{"minecraft:coarse_dirt":1,"minecraft:arrow":2,"minecraft:tripwire_hook":1,"aquaculture:driftwood":1,"swem:alfalfa_seeds":1,"minecraft:lily_pad":1,"minecraft:emerald":1,"minecraft:spider_eye":1,"aquaculture:tin_can":1,"minecraft:dirt":2},"minecraft:mined":{"minecraft:grass":2,"minecraft:grass_block":2,"minecraft:coarse_dirt":1},"minecraft:killed":{"minecraft:spider":1,"minecraft:pillager":1},"minecraft:custom":{"minecraft:open_chest":2,"minecraft:time_since_rest":72466,"minecraft:crouch_one_cm":753,"minecraft:sprint_one_cm":126132,"minecraft:play_time":72466,"minecraft:damage_taken":235,"minecraft:walk_one_cm":122724,"minecraft:sneak_time":1638,"minecraft:walk_under_water_one_cm":9715,"minecraft:mob_kills":2,"minecraft:boat_one_cm":10215,"minecraft:jump":292,"tombstone:raider_killed":1,"minecraft:damage_dealt":463,"minecraft:leave_game":3,"minecraft:walk_on_water_one_cm":14562,"minecraft:time_since_death":72466,"minecraft:climb_one_cm":370,"minecraft:total_world_time":72608,"minecraft:fish_caught":4,"minecraft:damage_dealt_absorbed":208,"minecraft:swim_one_cm":18878,"minecraft:fly_one_cm":1543288,"minecraft:player_kills":1}},"DataVersion":3465}