{"stats":{"minecraft:killed_by":{"minecraft:zombie_villager":1},"minecraft:used":{"minecraft:dirt":7},"minecraft:mined":{"minecraft:grass":1,"minecraft:spruce_log":1,"minecraft:grass_block":7,"minecraft:dirt":1},"minecraft:picked_up":{"minecraft:wheat_seeds":1,"minecraft:dirt":8},"minecraft:custom":{"minecraft:jump":11,"minecraft:time_since_rest":439,"minecraft:deaths":1,"minecraft:damage_dealt":67,"minecraft:leave_game":3,"minecraft:crouch_one_cm":57,"minecraft:play_time":2273,"minecraft:sprint_one_cm":2049,"minecraft:damage_taken":270,"minecraft:time_since_death":414,"minecraft:walk_one_cm":5396,"minecraft:sneak_time":63,"minecraft:total_world_time":2448,"minecraft:fall_one_cm":838,"minecraft:fly_one_cm":35389}},"DataVersion":3465}