{"stats":{"minecraft:used":{"minecraft:jungle_log":1,"minecraft:dirt":4},"minecraft:mined":{"minecraft:grass":4,"minecraft:grass_block":3,"minecraft:jungle_log":1,"minecraft:dirt":1},"minecraft:custom":{"minecraft:jump":5,"minecraft:time_since_rest":1088,"minecraft:crouch_one_cm":365,"minecraft:leave_game":3,"minecraft:play_time":1088,"minecraft:sprint_one_cm":2052,"minecraft:time_since_death":1088,"minecraft:walk_one_cm":1742,"minecraft:sneak_time":69,"minecraft:total_world_time":1127,"minecraft:fly_one_cm":734},"minecraft:picked_up":{"minecraft:jungle_log":1,"minecraft:dirt":4}},"DataVersion":3465}