{"stats":{"minecraft:mined":{"minecraft:grass":1,"minecraft:tall_grass":1,"minecraft:grass_block":7,"minecraft:coarse_dirt":1,"regions_unexplored:pine_log":1},"minecraft:used":{"regions_unexplored:pine_log":1,"minecraft:coarse_dirt":1},"minecraft:picked_up":{"minecraft:coarse_dirt":1,"minecraft:wheat_seeds":1,"regions_unexplored:pine_log":1,"minecraft:dandelion":1,"minecraft:dirt":6},"minecraft:custom":{"minecraft:jump":5,"minecraft:time_since_rest":1410,"minecraft:crouch_one_cm":556,"minecraft:sprint_one_cm":341,"minecraft:leave_game":2,"minecraft:play_time":1410,"minecraft:damage_taken":30,"minecraft:time_since_death":1410,"minecraft:walk_one_cm":1517,"minecraft:sneak_time":138,"minecraft:total_world_time":9733,"minecraft:fly_one_cm":3930}},"DataVersion":3465}