{"stats":{"minecraft:picked_up":{"minecraft:arrow":2,"swem:alfalfa_seeds":1,"minecraft:emerald":1,"minecraft:dirt":2},"minecraft:custom":{"minecraft:time_since_rest":4939,"minecraft:play_time":4939,"minecraft:sprint_one_cm":5481,"minecraft:walk_one_cm":14054,"minecraft:sneak_time":33,"minecraft:mob_kills":1,"minecraft:jump":44,"tombstone:raider_killed":1,"minecraft:damage_dealt":405,"minecraft:leave_game":2,"minecraft:time_since_death":4939,"minecraft:total_world_time":5081,"minecraft:damage_dealt_absorbed":208,"minecraft:player_kills":1,"minecraft:fly_one_cm":18321},"minecraft:killed":{"minecraft:pillager":1},"minecraft:mined":{"minecraft:grass":2,"minecraft:grass_block":2},"minecraft:used":{"minecraft:grass_block":2,"soulslikeuniverse:dagger":8,"minecraft:pillager_spawn_egg":2}},"DataVersion":3465}