{"stats":{"minecraft:mined":{"minecraft:grass_block":3},"minecraft:picked_up":{"swem:timothy_seeds":1,"minecraft:arrow":1,"soulslikeuniverse:malikethsoul":1,"minecraft:wheat_seeds":1,"soulslikeuniverse:hollowsoul":1,"soulslikeuniverse:blackdagger":2,"soulslikeuniverse:maliketh_boots":1,"tombstone:grave_dust":1,"minecraft:dirt":1},"minecraft:killed":{"soulslikeuniverse:bossmaliketh":2,"minecraft:vindicator":1,"soulslikeuniverse:berserker":1,"soulslikeuniverse:beastclergyman":3},"minecraft:custom":{"minecraft:time_since_rest":33770,"minecraft:play_time":33770,"minecraft:crouch_one_cm":259,"minecraft:sprint_one_cm":23494,"minecraft:walk_one_cm":60896,"tombstone:undead_killed":6,"minecraft:sneak_time":682,"minecraft:mob_kills":7,"minecraft:jump":405,"tombstone:raider_killed":1,"minecraft:damage_dealt":7566,"minecraft:leave_game":5,"minecraft:time_since_death":33770,"minecraft:total_world_time":33843,"minecraft:damage_dealt_absorbed":157,"minecraft:fly_one_cm":515217},"minecraft:used":{"minecraft:netherite_sword":70,"wom:netherite_greataxe":137,"wom:agony":5,"minecraft:lava_bucket":1,"minecraft:dirt":6,"minecraft:netherite_axe":6,"wom:tormented_mind":81,"soulslikeuniverse:dagger":4,"minecraft:splash_potion":7,"soulslikeuniverse:beastclergyman_spawn_egg":1,"wom:netherite_staff":123}},"DataVersion":3465}