{"stats":{"minecraft:mined":{"minecraft:tall_grass":2,"minecraft:grass_block":7,"minecraft:dirt":2},"minecraft:used":{"soulslikeuniverse:dagger":10},"minecraft:picked_up":{"epicfight:skillbook":1,"minecraft:arrow":3,"minecraft:emerald":1,"minecraft:wheat_seeds":1,"minecraft:dandelion":2,"minecraft:dirt":9},"minecraft:killed":{"minecraft:pillager":2},"minecraft:custom":{"minecraft:jump":4,"minecraft:time_since_rest":1411,"minecraft:damage_dealt":470,"minecraft:sprint_one_cm":3161,"minecraft:leave_game":2,"minecraft:play_time":1411,"minecraft:damage_taken":115,"minecraft:time_since_death":1411,"minecraft:walk_one_cm":5274,"minecraft:total_world_time":1629,"minecraft:mob_kills":2,"minecraft:damage_dealt_absorbed":260,"minecraft:fly_one_cm":1322}},"DataVersion":3465}