{"stats":{"minecraft:mined":{"minecraft:podzol":14,"minecraft:grass_block":3,"minecraft:spruce_leaves":9,"minecraft:spruce_log":1},"minecraft:used":{"minecraft:dirt":12,"soulslikeuniverse:dagger":1},"minecraft:custom":{"minecraft:jump":14,"minecraft:time_since_rest":1649,"minecraft:damage_taken":10,"minecraft:crouch_one_cm":1644,"minecraft:sprint_one_cm":1479,"minecraft:play_time":1649,"minecraft:time_since_death":1649,"minecraft:walk_one_cm":10118,"minecraft:sneak_time":151,"minecraft:total_world_time":1649,"minecraft:fall_one_cm":753,"minecraft:fly_one_cm":2309,"minecraft:leave_game":1},"minecraft:picked_up":{"minecraft:stick":1,"swem:timothy_seeds":1,"minecraft:spruce_log":1,"swem:oat_seeds":1,"minecraft:dirt":16}},"DataVersion":3465}