{"stats":{"minecraft:mined":{"minecraft:grass":4,"minecraft:tall_grass":8,"minecraft:sugar_cane":1},"minecraft:killed_by":{"minecraft:vindicator":1,"minecraft:skeleton":1,"soulslikeuniverse:monstertowerknight":1},"minecraft:picked_up":{"minecraft:feather":2,"soulslikeuniverse:malikethsoul":2,"tombstone:grave_dust":3,"minecraft:elytra":2,"soulslikeuniverse:blackblade":1,"minecraft:arrow":1,"minecraft:rotten_flesh":1,"soulslikeuniverse:estusflask":1,"soulslikeuniverse:soulofcindersoul":1,"minecraft:wheat_seeds":1,"soulslikeuniverse:hollowsoul":2,"minecraft:emerald":1,"soulslikeuniverse:knightsoul":2,"soulslikeuniverse:repairstone":2,"tombstone:magic_scroll":1,"minecraft:sugar_cane":2},"minecraft:killed":{"soulslikeuniverse:bossmaliketh":2,"minecraft:pillager":1,"soulslikeuniverse:bosssoulofcinder":1,"minecraft:zombie":1,"soulslikeuniverse:hollowsoldier":1,"naturalist:canary":1,"soulslikeuniverse:monsterhollow":1,"soulslikeuniverse:beastclergyman":1,"soulslikeuniverse:eliteknight":1},"minecraft:dropped":{"epic_knights__japanese_armory:iron_yari":1,"minecraft:elytra":1},"minecraft:used":{"minecraft:netherite_sword":227,"minecraft:rotten_flesh":1,"epic_knights__japanese_armory:iron_tetsubo":31,"soulslikeuniverse:dagger":1,"minecraft:splash_potion":50},"minecraft:custom":{"minecraft:time_since_rest":16478,"minecraft:damage_taken":824,"minecraft:damage_absorbed":18,"minecraft:sprint_one_cm":33947,"minecraft:walk_one_cm":171681,"minecraft:mob_kills":10,"minecraft:drop":2,"tombstone:raider_killed":1,"minecraft:damage_dealt":5922,"minecraft:damage_dealt_absorbed":2245,"minecraft:fly_one_cm":444614,"minecraft:crouch_one_cm":1889,"minecraft:play_time":47302,"tombstone:undead_killed":8,"minecraft:deaths":3,"minecraft:sneak_time":963,"minecraft:walk_under_water_one_cm":412,"minecraft:jump":348,"minecraft:damage_dealt_resisted":693,"minecraft:leave_game":3,"minecraft:time_since_death":18877,"minecraft:walk_on_water_one_cm":1578,"minecraft:total_world_time":47302,"minecraft:fall_one_cm":5086}},"DataVersion":3465}