{"stats":{"minecraft:used":{"epicfight:skillbook":1,"minecraft:netherite_sword":68,"minecraft:apple":1,"minecraft:netherite_chestplate":2,"minecraft:netherite_boots":2,"minecraft:golden_apple":23,"minecraft:bow":58,"minecraft:netherite_leggings":2,"minecraft:crossbow":1,"minecraft:netherite_helmet":2},"minecraft:killed":{"minecraft:skeleton":1,"soulslikeuniverse:monsterknight":1,"soulslikeuniverse:hollowsoldier":1,"soulslikeuniverse:badomengiant":1},"minecraft:killed_by":{"soulslikeuniverse:bosssoulofcinder":1},"minecraft:dropped":{"minecraft:sugar_cane":3,"soulslikeuniverse:presentchest":1,"alexsmobs:animal_dictionary":1,"soulslikeuniverse:dagger":1,"minecraft:apple":64,"soulslikeuniverse:estusflask":5},"minecraft:custom":{"minecraft:time_since_rest":1,"minecraft:walk_one_cm":211300,"minecraft:damage_taken":761,"minecraft:sprint_one_cm":47825,"minecraft:damage_absorbed":258,"minecraft:mob_kills":4,"minecraft:drop":6,"minecraft:damage_dealt":1605,"minecraft:damage_dealt_absorbed":440,"minecraft:fly_one_cm":196445,"minecraft:open_chest":1,"minecraft:crouch_one_cm":4509,"minecraft:play_time":26488,"tombstone:undead_killed":4,"minecraft:deaths":1,"minecraft:sneak_time":1163,"minecraft:jump":340,"minecraft:time_since_death":289,"minecraft:walk_on_water_one_cm":3640,"minecraft:total_world_time":26488,"minecraft:fall_one_cm":5282},"minecraft:picked_up":{"epicfight:skillbook":1,"soulslikeuniverse:giantsoul":1,"minecraft:bone":1,"soulslikeuniverse:steelshield":1,"soulslikeuniverse:hollowsoul":1,"soulslikeuniverse:knightsoul":1,"minecraft:sugar_cane":3},"minecraft:mined":{"minecraft:grass":1,"minecraft:sugar_cane":1}},"DataVersion":3465}