{"stats":{"minecraft:used":{"epicfight:skillbook":1,"minecraft:netherite_sword":40,"minecraft:netherite_boots":1,"minecraft:golden_apple":14,"minecraft:apple":1,"minecraft:netherite_leggings":1,"minecraft:netherite_chestplate":1,"minecraft:netherite_helmet":1},"minecraft:dropped":{"minecraft:apple":64,"minecraft:sugar_cane":3,"soulslikeuniverse:estusflask":5,"soulslikeuniverse:presentchest":1,"alexsmobs:animal_dictionary":1,"soulslikeuniverse:dagger":1},"minecraft:custom":{"minecraft:time_since_rest":14488,"minecraft:crouch_one_cm":3252,"minecraft:damage_absorbed":96,"minecraft:play_time":14488,"minecraft:sprint_one_cm":15044,"minecraft:damage_taken":273,"minecraft:walk_one_cm":119040,"minecraft:sneak_time":682,"minecraft:drop":6,"minecraft:jump":119,"minecraft:damage_dealt":857,"minecraft:walk_on_water_one_cm":3640,"minecraft:time_since_death":14488,"minecraft:total_world_time":14488,"minecraft:damage_dealt_absorbed":256,"minecraft:fall_one_cm":2542,"minecraft:fly_one_cm":27990},"minecraft:picked_up":{"epicfight:skillbook":1,"minecraft:sugar_cane":3},"minecraft:mined":{"minecraft:sugar_cane":1}},"DataVersion":3465}