{"stats":{"minecraft:used":{"minecraft:water_bucket":7,"epicfight:skillbook":1,"minecraft:netherite_sword":124,"minecraft:apple":1,"minecraft:netherite_chestplate":2,"minecraft:netherite_boots":2,"minecraft:golden_apple":29,"minecraft:bow":73,"minecraft:netherite_leggings":2,"minecraft:crossbow":1,"minecraft:netherite_helmet":2},"minecraft:killed":{"minecraft:skeleton":3,"soulslikeuniverse:monsterknight":1,"soulslikeuniverse:bosssoulofcinder":1,"soulslikeuniverse:hollowsoldier":1,"soulslikeuniverse:siegmeyer":1,"soulslikeuniverse:badomengiant":1,"minecraft:wither_skeleton":1,"minecraft:phantom":2},"minecraft:killed_by":{"soulslikeuniverse:bosssoulofcinder":3},"minecraft:dropped":{"minecraft:sugar_cane":3,"soulslikeuniverse:presentchest":1,"alexsmobs:animal_dictionary":1,"soulslikeuniverse:dagger":1,"minecraft:crossbow":1,"minecraft:apple":64,"soulslikeuniverse:estusflask":5},"minecraft:custom":{"minecraft:time_since_rest":11935,"minecraft:walk_one_cm":292535,"minecraft:damage_taken":1156,"minecraft:sprint_one_cm":90986,"minecraft:damage_absorbed":288,"minecraft:mob_kills":11,"minecraft:drop":7,"tombstone:raider_killed":2,"minecraft:damage_dealt":4041,"minecraft:damage_dealt_absorbed":1532,"minecraft:fly_one_cm":349004,"minecraft:open_chest":2,"minecraft:crouch_one_cm":6648,"minecraft:play_time":41722,"tombstone:undead_killed":10,"minecraft:deaths":3,"minecraft:sneak_time":1410,"minecraft:jump":566,"minecraft:leave_game":1,"minecraft:time_since_death":12432,"minecraft:walk_on_water_one_cm":6900,"minecraft:total_world_time":41722,"minecraft:fall_one_cm":9876},"minecraft:picked_up":{"swem:timothy_seeds":1,"epicfight:skillbook":1,"tombstone:grave_dust":3,"minecraft:elytra":1,"soulslikeuniverse:giantsoul":1,"minecraft:bone":1,"soulslikeuniverse:steelshield":1,"soulslikeuniverse:soulofcindersoul":1,"minecraft:wheat_seeds":1,"soulslikeuniverse:hollowsoul":1,"swem:alfalfa_seeds":1,"soulslikeuniverse:knightsoul":1,"swem:oat_seeds":2,"minecraft:sugar_cane":3},"minecraft:mined":{"minecraft:grass":1,"minecraft:sugar_cane":1}},"DataVersion":3465}