{"stats":{"minecraft:picked_up":{"minecraft:feather":2,"soulslikeuniverse:malikethsoul":2,"minecraft:leather":1,"tombstone:grave_dust":3,"minecraft:gunpowder":2,"minecraft:elytra":2,"soulslikeuniverse:blackblade":1,"minecraft:arrow":3,"minecraft:rotten_flesh":1,"soulslikeuniverse:estusflask":1,"soulslikeuniverse:soulofcindersoul":1,"minecraft:wheat_seeds":1,"soulslikeuniverse:hollowsoul":2,"minecraft:emerald":1,"soulslikeuniverse:knightsoul":2,"soulslikeuniverse:repairstone":2,"tombstone:magic_scroll":1,"minecraft:sugar_cane":2},"minecraft:killed":{"soulslikeuniverse:bossmaliketh":2,"epicsamurai:enenra":1,"minecraft:pillager":1,"soulslikeuniverse:bosssoulofcinder":1,"minecraft:zombie":1,"soulslikeuniverse:hollowsoldier":1,"soulslikeuniverse:monstergodricksoldier":1,"naturalist:canary":1,"soulslikeuniverse:monsterhollow":1,"minecraft:creeper":1,"soulslikeuniverse:beastclergyman":1,"soulslikeuniverse:eliteknight":1},"minecraft:mined":{"minecraft:grass":4,"minecraft:tall_grass":8,"minecraft:sugar_cane":1},"minecraft:killed_by":{"minecraft:vindicator":1,"minecraft:skeleton":1,"soulslikeuniverse:monstertowerknight":1},"minecraft:dropped":{"epic_knights__japanese_armory:iron_yari":1,"minecraft:elytra":1},"minecraft:used":{"minecraft:netherite_sword":244,"minecraft:rotten_flesh":1,"epic_knights__japanese_armory:iron_tetsubo":31,"soulslikeuniverse:dagger":1,"minecraft:splash_potion":50},"minecraft:custom":{"minecraft:time_since_rest":20295,"minecraft:damage_absorbed":18,"minecraft:damage_taken":824,"minecraft:sprint_one_cm":43865,"minecraft:walk_one_cm":182195,"minecraft:mob_kills":13,"minecraft:drop":2,"tombstone:raider_killed":1,"minecraft:damage_dealt":6908,"minecraft:damage_dealt_absorbed":2421,"minecraft:fly_one_cm":605027,"minecraft:open_chest":2,"minecraft:crouch_one_cm":2029,"minecraft:play_time":51119,"tombstone:undead_killed":8,"minecraft:deaths":3,"minecraft:sneak_time":1285,"minecraft:walk_under_water_one_cm":412,"minecraft:jump":381,"minecraft:damage_dealt_resisted":693,"minecraft:leave_game":4,"minecraft:time_since_death":22694,"minecraft:walk_on_water_one_cm":1578,"minecraft:total_world_time":51119,"minecraft:fall_one_cm":5086}},"DataVersion":3465}