{"stats":{"minecraft:used":{"soulslikeuniverse:dagger":14},"minecraft:killed_by":{"minecraft:pillager":1},"minecraft:killed":{"minecraft:vindicator":1,"alexsmobs:bison":1,"minecraft:pillager":1},"minecraft:dropped":{"soulslikeuniverse:dagger":1},"minecraft:custom":{"minecraft:time_since_rest":27099,"minecraft:open_chest":4,"minecraft:crouch_one_cm":236,"minecraft:deaths":1,"minecraft:sprint_one_cm":78252,"minecraft:play_time":33352,"minecraft:walk_one_cm":58320,"minecraft:damage_taken":275,"minecraft:sneak_time":390,"minecraft:mob_kills":3,"minecraft:drop":1,"minecraft:jump":494,"tombstone:raider_killed":2,"minecraft:damage_dealt":860,"minecraft:leave_game":3,"minecraft:time_since_death":29498,"minecraft:total_world_time":33352,"minecraft:fall_one_cm":2656,"minecraft:fly_one_cm":544980},"minecraft:picked_up":{"soulslikeuniverse:estusflask":2,"minecraft:beef":8,"minecraft:emerald":2}},"DataVersion":3465}