{"stats":{"minecraft:picked_up":{"swem:timothy_seeds":1,"minecraft:emerald":1,"minecraft:arrow":1},"minecraft:custom":{"minecraft:jump":18,"minecraft:leave_game":1,"minecraft:time_since_rest":199,"tombstone:raider_killed":1,"minecraft:damage_dealt":190,"minecraft:deaths":1,"minecraft:play_time":3600,"minecraft:damage_taken":193,"minecraft:time_since_death":642,"minecraft:walk_one_cm":15947,"minecraft:total_world_time":3600,"minecraft:mob_kills":1,"minecraft:fall_one_cm":269,"minecraft:fly_one_cm":472},"minecraft:killed":{"minecraft:pillager":1},"minecraft:mined":{"minecraft:grass":2,"minecraft:dandelion":1},"minecraft:used":{"soulslikeuniverse:dagger":7},"minecraft:killed_by":{"minecraft:player":1}},"DataVersion":3465}