{"stats":{"minecraft:used":{"soulslikeuniverse:dagger":29},"minecraft:picked_up":{"swem:timothy_seeds":1,"minecraft:arrow":1,"minecraft:wheat_seeds":2,"swem:alfalfa_seeds":1,"soulslikeuniverse:dagger":2,"minecraft:emerald":1,"soulslikeuniverse:solarknight_leggings":1},"minecraft:mined":{"minecraft:grass":7,"minecraft:tall_grass":1,"minecraft:dandelion":1},"minecraft:killed":{"minecraft:pillager":1,"soulslikeuniverse:solaire":1},"minecraft:dropped":{"soulslikeuniverse:dagger":2},"minecraft:custom":{"minecraft:open_chest":2,"minecraft:time_since_rest":1,"minecraft:crouch_one_cm":44,"minecraft:play_time":19171,"minecraft:sprint_one_cm":11239,"minecraft:damage_taken":350,"minecraft:walk_one_cm":51232,"minecraft:deaths":2,"minecraft:sneak_time":26,"minecraft:mob_kills":2,"minecraft:drop":2,"minecraft:jump":106,"tombstone:raider_killed":1,"minecraft:damage_dealt":525,"minecraft:leave_game":4,"minecraft:time_since_death":2347,"minecraft:total_world_time":19171,"minecraft:climb_one_cm":234,"minecraft:fall_one_cm":3621,"minecraft:fly_one_cm":32925},"minecraft:killed_by":{"minecraft:player":1,"soulslikeuniverse:monsterhollow":1}},"DataVersion":3465}