{"stats":{"minecraft:used":{"soulslikeuniverse:dagger":8},"minecraft:killed_by":{"minecraft:pillager":1},"minecraft:killed":{"minecraft:vindicator":1,"minecraft:pillager":1},"minecraft:custom":{"minecraft:jump":222,"minecraft:open_chest":2,"minecraft:time_since_rest":17611,"tombstone:raider_killed":2,"minecraft:damage_dealt":480,"minecraft:damage_taken":275,"minecraft:leave_game":2,"minecraft:play_time":23864,"minecraft:sprint_one_cm":40820,"minecraft:time_since_death":20010,"minecraft:walk_one_cm":35284,"minecraft:deaths":1,"minecraft:sneak_time":1,"minecraft:total_world_time":23864,"minecraft:mob_kills":2,"minecraft:fall_one_cm":2656,"minecraft:fly_one_cm":114956},"minecraft:picked_up":{"minecraft:emerald":2,"soulslikeuniverse:estusflask":2}},"DataVersion":3465}