{"stats":{"minecraft:used":{"minecraft:flint_and_steel":30,"soulslikeuniverse:dagger":55,"minecraft:obsidian":42},"minecraft:killed_by":{"minecraft:pillager":1},"minecraft:killed":{"minecraft:vindicator":1,"alexsmobs:bison":1,"minecraft:pillager":1,"minecraft:wither_skeleton":1,"soulslikeuniverse:bossgundyr":1},"minecraft:dropped":{"soulslikeuniverse:dagger":1},"minecraft:custom":{"minecraft:open_chest":5,"minecraft:time_since_rest":34760,"tombstone:undead_killed":2,"minecraft:damage_taken":275,"minecraft:crouch_one_cm":1193,"minecraft:sprint_one_cm":97321,"minecraft:play_time":41013,"minecraft:deaths":1,"minecraft:walk_one_cm":72574,"minecraft:sneak_time":843,"minecraft:mob_kills":5,"minecraft:drop":1,"minecraft:jump":702,"tombstone:raider_killed":2,"minecraft:damage_dealt":1716,"minecraft:leave_game":4,"minecraft:time_since_death":37159,"minecraft:total_world_time":41013,"minecraft:fall_one_cm":2656,"minecraft:fly_one_cm":778307},"minecraft:picked_up":{"soulslikeuniverse:estusflask":2,"minecraft:beef":8,"soulslikeuniverse:dagger":1,"soulslikeuniverse:gundyrsoul":1,"minecraft:emerald":2}},"DataVersion":3465}