{"stats":{"minecraft:used":{"soulslikeuniverse:dagger":8},"minecraft:killed_by":{"minecraft:pillager":1},"minecraft:killed":{"minecraft:vindicator":1,"minecraft:pillager":1},"minecraft:custom":{"minecraft:jump":92,"minecraft:open_chest":1,"minecraft:time_since_rest":6089,"tombstone:raider_killed":2,"minecraft:damage_dealt":480,"minecraft:deaths":1,"minecraft:leave_game":2,"minecraft:play_time":12342,"minecraft:sprint_one_cm":15396,"minecraft:damage_taken":275,"minecraft:time_since_death":8488,"minecraft:walk_one_cm":14017,"minecraft:sneak_time":1,"minecraft:total_world_time":12342,"minecraft:mob_kills":2,"minecraft:fall_one_cm":2656,"minecraft:fly_one_cm":41821},"minecraft:picked_up":{"minecraft:emerald":2,"soulslikeuniverse:estusflask":2}},"DataVersion":3465}