{
  "vanillatweaks:root": {
    "criteria": {
      "tick": "2024-06-18 23:23:14 +0000"
    },
    "done": true
  },
  "minecraft:recipes/decorations/crafting_table": {
    "criteria": {
      "unlock_right_away": "2024-06-18 23:23:14 +0000"
    },
    "done": true
  },
  "vanillatweaks:custom_nether_portals": {
    "criteria": {
      "tick": "2024-06-18 23:23:14 +0000"
    },
    "done": true
  },
  "minecraft:adventure/adventuring_time": {
    "criteria": {
      "minecraft:windswept_gravelly_hills": "2024-06-18 23:30:23 +0000"
    },
    "done": false
  },
  "DataVersion": 3465
}